time_s,true_force,L2_estimate,Huber_estimate,exact_L1_estimate
0.,0.,-1.561491196,0.5836129814,-0.7555489695
0.004013377926,4.106044941,2.738995258,2.914626615,3.507139989
0.008026755853,7.653665874,6.164693624,5.730880241,5.765065399
0.01204013378,10.21907848,9.330769632,7.995045252,7.776626651
0.01605351171,11.50410026,10.19904154,9.4583215,9.479479346
0.02006688963,11.37065133,10.23845467,9.87133606,10.82602927
0.02408026756,9.855242697,9.130184592,8.789451241,9.628755802
0.02809364548,7.16207453,6.397881069,6.188579909,6.776679361
0.03210702341,3.635752188,2.563405453,2.472374768,2.845317447
0.03612040134,-0.2374260165,-2.040767824,-1.649270773,-1.835160873
0.04013377926,-4.110604221,-6.161795928,-5.770916314,-6.008413939
0.04414715719,-7.383577696,-9.600901306,-9.033516775,-9.470611561
0.04816053512,-9.711132533,-11.74569462,-11.25526351,-11.63472038
0.05217391304,-10.82351854,-12.80487841,-12.46410375,-12.7029908
0.05618729097,-10.60273301,-13.35796906,-12.62211642,-13.26140171
0.0602006689,-9.094692314,-12.13862184,-11.38304201,-12.03408954
0.06421404682,-6.501360832,-8.802039737,-9.039258394,-8.643677163
0.06822742475,-3.153849617,-7.125776017,-6.188280233,-6.940379919
0.07224080268,0.4710856074,-2.606742887,-2.761147389,-2.326497683
0.0762541806,4.096020024,1.07515936,0.665984189,1.449265333
0.08026755853,7.11289264,2.863511892,3.026921825,3.285850062
0.08428093645,9.220968793,4.6518635,4.648642549,5.122433879
0.08829431438,10.17666953,5.55646132,5.571660288,6.085770636
0.09230769231,9.880155224,5.917189174,5.3488475,6.509971114
0.09632107023,8.385430472,3.657108874,3.457254191,4.265728099
0.1003344482,5.891526929,-0.2391400744,0.5255412735,0.3582109212
0.1043478261,2.716270466,-2.702225192,-2.406172188,-2.098596929
0.108361204,-0.673919543,-5.456816297,-5.337886282,-4.842876812
0.1123745819,-4.064108542,-9.028118016,-8.502358874,-8.417131948
0.1163879599,-6.840921228,-12.25207985,-11.66683042,-11.64665074
0.1204013378,-8.741816002,-14.93512505,-14.2090167,-14.34001747
0.1244147157,-9.540677097,-17.00161571,-15.49483023,-16.44747511
0.1284280936,-9.136893111,-15.49478922,-15.06383781,-14.92221809
0.1324414716,-7.551055094,-14.35888855,-13.49329168,-13.81197198
0.1364548495,-4.894219882,-11.75034745,-10.84441113,-11.22554545
0.1404682274,-1.312154268,-7.377241657,-7.265422416,-6.87828972
0.1444816054,3.083364992,-4.035840699,-3.203977785,-3.606504832
0.1484949833,8.270435435,1.057922839,1.73405837,1.446424986
0.1525083612,14.32194684,7.287249549,7.710787384,7.53318225
0.1565217391,21.32508417,13.51657781,14.43566536,14.81828504
0.1605351171,29.3770175,20.98193869,21.70122309,22.10338783
0.164548495,37.42895083,29.12449489,29.36232161,29.38849093
0.1685618729,45.48088416,37.87149188,37.02342012,38.16481623
0.1725752508,51.67883016,43.75880515,42.59388455,44.03901925
0.1765886288,54.80391278,46.13514167,45.17916165,46.34881658
0.1806020067,53.9122143,46.28567607,44.26832188,46.43017735
0.1846153846,48.88330163,40.65375217,39.25377565,40.6233535
0.1886287625,40.5585056,31.34330442,31.23679454,31.26217036
0.1926421405,30.56648092,22.03285667,22.35108496,21.90098722
0.1966555184,20.57445766,12.72240893,13.46537684,12.53980701
0.2006688963,12.27100833,3.41196269,6.332126689,6.685476393
0.2046822742,6.495359615,-1.091084587,1.198459124,1.710202253
0.2086956522,3.413247179,-4.692781432,-2.314814743,-1.726723437
0.2127090301,2.615502257,-5.501925981,-4.189834332,-5.163633898
0.216722408,3.376023612,-4.079323288,-4.433246178,-4.406853162
0.220735786,4.929307211,-4.405396277,-3.756645301,-4.545297025
0.2247491639,6.482589967,-2.219491811,-2.267240807,-2.167317997
0.2287625418,7.611152279,-0.5121021006,-0.7778373895,-0.3205108551
0.2327759197,7.966641353,0.3308018537,-0.02428578824,0.6166243604
0.2367892977,7.421113948,-0.7442077807,0.1017741307,-0.4347991165
0.2408026756,6.009486058,1.420138759,-0.5775825962,1.816554726
0.2448160535,3.897302811,-4.210514118,-3.134070666,-3.918918519
0.2488294314,1.327515904,-5.931028104,-5.690558932,-5.687294276
0.2528428094,-1.24227129,-7.851218852,-8.247047198,-7.683985558
0.2568561873,-3.812058485,-11.50476117,-10.85502285,-11.46469944
0.2608695652,-5.790423711,-13.68518492,-12.47770349,-13.16784495
0.2648829431,-7.035756961,-13.55877076,-12.67656356,-12.08436205
0.2688963211,-7.407004675,-13.80420116,-12.21205682,-11.60221307
0.272909699,-6.87147325,-13.44570864,-11.32626129,-10.34407289
0.2769230769,-5.507293061,-10.90940348,-10.01901959,-9.610833313
0.2809364548,-3.492364837,-8.59751253,-8.396967019,-8.44427408
0.2849498328,-1.086305046,-6.913209401,-6.351537075,-6.631142487
0.2889632107,1.319754745,-4.077439353,-3.785295004,-3.659268554
0.2929765886,3.725812922,-0.9766601706,-1.219055193,-0.431245857
0.2969899666,5.538238854,0.4022316889,0.5158515233,1.014699751
0.3010033445,6.650716657,1.086189472,1.607254722,1.758127158
0.3050167224,6.937875799,2.453348896,2.23868704,3.217552357
0.3090301003,6.376562443,1.525926558,2.061440728,2.346265421
0.3130434783,5.047208103,1.220809082,1.171362632,2.094587198
0.3170568562,3.122602443,-1.032921897,-0.4268344354,-0.148956054
0.3210702341,0.870696473,-2.902925618,-2.244672112,-1.977735512
0.325083612,-1.381209634,-4.559491358,-4.062509881,-3.610787138
0.32909699,-3.633115741,-6.880717627,-5.880347649,-5.93846559
0.3331103679,-5.291586226,-8.661543634,-7.698185418,-7.708949545
0.3371237458,-6.282339186,-9.712435211,-8.218977034,-8.735925724
0.3411371237,-6.494338881,-7.927698144,-7.629352849,-6.886007912
0.3451505017,-5.912910639,-7.550489983,-7.039725298,-6.475715252
0.3491638796,-4.62015817,-7.790999927,-6.273379894,-6.702476529
0.3531772575,-2.783597955,-5.477269672,-4.392269709,-4.341224056
0.3571906355,-0.6773111671,-2.077138429,-1.836983117,-0.8769618178
0.3612040134,1.428975621,-0.4734017164,0.4415843054,0.7327023693
0.3652173913,3.535260679,2.082080636,2.720150435,3.314425755
0.3692307692,5.050976792,4.343278761,4.557252704,5.573884692
0.3732441472,5.93029972,5.001703502,5.505419845,6.201324334
0.3772575251,6.075314314,5.214831697,5.654159856,6.382047334
0.381270903,5.478848087,4.613364622,5.2145334,5.754215662
0.3852842809,4.224121325,3.83225398,4.39381417,4.952945666
0.3892976589,2.473231843,2.619996816,3.332623501,3.711566011
0.3933110368,0.4337004524,1.756303905,1.973230928,2.80116392
0.3973244147,-1.605830998,-0.5598026833,0.1547837753,0.4412603946
0.4013377926,-3.433262476,-2.875910335,-1.663663713,-1.918644192
0.4053511706,-4.816715401,-3.26033066,-2.798166068,-2.308076123
0.4093645485,-5.594174127,-4.29768672,-3.60700029,-3.381881534
0.4133779264,-5.679691242,-5.199722839,-3.779895013,-4.320531726
0.4173913043,-5.072731436,-3.465677653,-2.72639555,-2.580075619
0.4214046823,-3.857070428,-1.287574254,-1.020413855,-0.4167803592
0.4254180602,-2.18935521,-0.4424620388,0.6855720537,0.378298679
0.4294314381,-0.2757142194,2.710652381,2.750716189,3.525485485
0.4334448161,1.637925953,4.045679806,4.648174082,4.804696554
0.437458194,3.328140516,6.202828608,6.251449577,6.916216592
0.4414715719,4.589142902,6.89822438,7.854724531,7.53511197
0.4454849498,5.27360242,9.980394716,9.250646672,10.60687832
0.4494983278,5.306449107,9.207013724,9.574635491,9.750740123
0.4535117057,4.693013588,9.230443462,8.95832867,9.730938871
0.4575250836,3.517174761,7.309012463,7.574197353,7.727753937
0.4615384615,1.930101867,5.387581463,6.190066035,5.724569002
0.4655518395,0.135703588,5.631448887,5.05026522,5.929373183
0.4695652174,-1.658694691,2.865616415,3.748798642,3.037861253
0.4735785953,-3.22078217,3.163547621,2.717378493,3.279461462
0.4775919732,-4.368651492,1.115725599,1.892254624,1.118545471
0.4816053512,-4.968648001,2.028848447,1.47786026,1.965561193
0.4856187291,-4.955889218,0.7926711802,1.214615179,0.6295237106
0.489632107,-4.341313914,1.009047767,1.832143019,0.9481473938
0.4936454849,-3.209634301,4.047573263,3.638463792,3.770570759
0.4976588629,-1.708572064,5.326788643,5.590142596,5.970185904
0.5016722408,-0.05059976293,7.326287556,7.541820481,7.5322932
0.5056856187,1.607372219,9.954774137,9.145860351,9.557812598
0.5096989967,2.992016579,10.34085996,10.16128758,9.902766779
0.5137123746,3.931683481,11.27999274,10.88059155,10.80595433
0.5177257525,4.276109377,11.9745358,11.2478421,11.44798426
0.5217391304,3.926967467,11.52224099,10.93177448,10.9303645
0.5257525084,2.841356213,10.55922253,9.989522275,9.898851613
0.5297658863,1.028362266,9.25285691,8.510963641,8.543327638
0.5337792642,-1.459417722,7.105392532,6.394204494,6.343071896
0.5377926421,-4.536390334,4.480524246,3.564688356,3.674880462
0.5418060201,-8.093787116,0.5201744416,0.1350160459,-0.3486231342
0.545819398,-12.11111136,-2.625240513,-3.294656452,-3.508794715
0.5498327759,-16.12843633,-6.083738691,-7.030070845,-6.999317766
0.5538461538,-20.23815502,-10.82656355,-11.09387274,-11.79204143
0.5578595318,-24.34787108,-14.35850662,-15.15767212,-15.35822196
0.5618729097,-28.06245548,-18.86646032,-18.84657135,-19.9257167
0.5658862876,-31.23567242,-21.13431778,-21.72521792,-22.1901823
0.5698996656,-33.66369308,-23.40216751,-24.01985267,-24.45463995
0.5739130435,-35.17626545,-25.56133336,-25.93667533,-26.71909204
0.5779264214,-35.66507611,-26.59451327,-27.2354848,-27.77575496
0.5819397993,-35.10809259,-28.27219555,-27.0702671,-29.49822197
0.5859531773,-33.58144039,-23.62099761,-24.62426888,-24.77587527
0.5899665552,-31.2540717,-20.45474959,-21.59665767,-21.55781345
0.5939799331,-28.36450001,-18.85587843,-18.83583516,-19.96987084
0.597993311,-25.22058682,-14.40513349,-16.07501305,-15.45781442
0.602006689,-22.07667169,-13.91866907,-13.58695742,-15.01019676
0.6060200669,-18.93275674,-9.610045531,-10.73482758,-10.64096169
0.6100334448,-16.20502663,-7.186292711,-7.882699547,-8.206748444
0.6140468227,-13.83270864,-4.762539892,-5.553437145,-5.772535195
0.6180602007,-11.78533903,-2.951050214,-3.538123186,-3.929236827
0.6220735786,-10.04728196,-0.9708427304,-1.522809424,-1.911160178
0.6260869565,-8.309225487,1.684981274,0.4925001668,0.7921862095
0.6301003344,-6.650198946,2.010429706,1.945903366,1.137958447
0.6341137124,-4.991172405,4.440775298,3.399306566,3.616732109
0.6381270903,-3.332145864,5.163747064,4.852709766,4.382152329
0.6421404682,-1.677705323,6.871130522,5.98763402,6.144271963
0.6461538462,-0.0232648002,6.713407505,7.122557075,6.007160886
0.6501672241,1.410789693,9.611019535,8.751668297,8.966908075
0.654180602,2.553337408,10.93380596,9.934863621,10.33290445
0.6581939799,3.310087785,10.3945755,10.2387533,9.793880165
0.6622073579,3.619740247,10.8709449,10.30041478,10.30421862
0.6662207358,3.466122453,10.37351163,10.36207532,9.817035164
0.6702341137,2.883225437,11.56451747,10.001176,11.05437928
0.6742474916,1.95285317,8.455106266,8.504696072,7.897580063
0.6782608696,0.8233198335,7.291823125,6.662281699,6.742858647
0.6822742475,-0.3062135027,4.544479671,4.819867408,3.967936359
0.6862876254,-1.435746839,3.873426895,3.760142222,3.30691695
0.6903010033,-2.565280175,3.839766558,3.147783407,3.272783249
0.6943143813,-3.194524798,1.977333947,2.404918392,2.427980605
0.6983277592,-3.426010364,0.4762948944,1.935803813,2.068223532
0.7023411371,-3.237245518,1.959464811,2.159669201,2.13388393
0.7063545151,-2.65719898,2.487276598,2.689914654,3.095771027
0.710367893,-1.762048981,3.163954566,3.220160989,2.938960858
0.7143812709,-0.647422628,4.011894579,3.895858041,3.920842463
0.7183946488,0.4672037248,4.242670652,4.947744851,4.25022469
0.7224080268,1.581830078,7.298876967,6.115144206,7.447730329
0.7264214047,2.458816538,5.73783757,6.420267454,5.948713757
0.7304347826,3.024003544,6.728075089,6.378909797,7.045478885
0.7344481605,3.213076333,5.578832941,6.033893733,5.949666619
0.7384615385,3.008407899,5.565424375,5.496933662,6.014620471
0.7424749164,2.440515924,4.167492547,4.769047687,4.655227781
0.7464882943,1.583736343,4.19760265,4.041160334,4.755117996
0.7505016722,0.5392009801,2.484067133,2.777925658,3.067185939
0.7545150502,-0.5053359332,0.7705172128,1.183036934,1.379239114
0.7585284281,-1.549872847,-1.147405792,-0.02135282304,-0.5530185091
0.762541806,-2.354214451,-0.5440813579,-0.4370049236,0.07002249502
0.7665551839,-2.860529312,-1.107765946,-0.7373135813,-0.5263345393
0.7705685619,-3.011461035,-1.449091108,-1.130932057,-0.9173434137
0.7745819398,-2.793733914,-2.030166699,-1.280957755,-1.558217299
0.7785953177,-2.239093302,-1.194910138,-0.8624123834,-0.7196810504
0.7826086957,-1.419894751,-0.3596503197,-0.1462735317,0.0224928526
0.7866220736,-0.4416611315,0.2052346926,0.667406503,0.6510963254
0.7906354515,0.53657302,1.681422105,1.481086864,1.977453561
0.7946488294,1.514806036,1.456788016,1.986701822,2.104438676
0.7986622074,2.251680314,2.321100268,2.293461182,2.763660583
0.8026755853,2.703989182,1.506609611,2.600220541,2.272529271
0.8066889632,2.820735291,3.878865865,2.906979901,4.023628303
0.8107023411,2.592519145,1.685359785,2.558899912,2.249277429
0.8147157191,2.052050002,1.751610243,2.126563701,2.677054933
0.818729097,1.269554636,1.078260315,1.482374853,2.310112689
0.8227424749,0.3539975018,-0.8845664572,0.2616793702,1.113333859
0.8267558528,-0.5615596326,-1.404991438,-0.9590159824,-1.238025766
0.8307692308,-1.477114446,-1.925411209,-1.931386246,-1.640504188
0.8347826087,-2.151391405,-3.189942915,-2.798404909,-2.863122549
0.8387959866,-2.55420925,-3.831051732,-3.421495464,-3.442250476
0.8428093645,-2.640392473,-3.991590754,-3.681640167,-3.561740162
0.8468227425,-2.404002395,-4.152122897,-3.563808346,-3.681222903
0.8508361204,-1.878413364,-3.398886669,-2.976939184,-2.878005551
0.8548494983,-1.131717709,-2.418305023,-2.106030562,-1.861622461
0.8588628763,-0.2753682681,-1.598272939,-1.235121198,-1.013589833
0.8628762542,0.5809811725,-0.3952940281,-0.3642142661,0.2322393652
0.8668896321,1.437330613,-0.3458685926,0.05926072284,0.2755419328
0.87090301,2.053580808,-0.1649640641,0.4827367069,0.4469791332
0.874916388,2.411084255,1.010461907,1.13282062,1.642471646
0.8789297659,2.470040567,0.6578426001,2.067380942,1.315486787
0.8829431438,2.22754413,4.702856049,2.652449261,5.46557688
0.8869565217,1.717403022,-0.153321094,1.303905803,0.5460101131
0.8909698997,1.005545033,-0.5319612976,-0.0446507961,0.165527904
0.8949832776,0.2050794032,-1.341796994,-0.9091665921,-0.6472817831
0.8989966555,-0.5953869213,-1.851898772,-1.773678592,-1.142441705
0.9030100334,-1.395853196,-3.617385807,-2.638190488,-2.916336056
0.9070234114,-1.95833203,-3.518204931,-3.000728046,-2.803633362
0.9110367893,-2.274416076,-3.547985737,-2.833084955,-2.8417495
0.9150501672,-2.30918637,-2.465571674,-2.518714941,-1.750372474
0.9190635452,-2.062419361,-3.279542634,-2.378568157,-2.585665421
0.9230769231,-1.568154638,-2.331979451,-2.015293791,-1.623026595
0.927090301,-0.8901319249,-1.954769632,-1.652019006,-1.259945679
0.9311036789,-0.1423780265,-2.324029491,-0.9495394868,-1.657648622
0.9351170569,0.6053760759,0.6909838151,0.4445397538,1.403044365
0.9391304348,1.353128974,1.085430712,1.513651917,1.790648205
0.9431438127,1.865803385,2.06813556,1.884491896,2.78043294
0.9471571906,2.144085459,0.7259373627,1.814867781,1.408937337
0.9511705686,2.157442572,1.9155334,1.933486768,2.600107826
0.9551839465,1.908037289,1.701254022,1.718617235,2.356108928
0.9591973244,1.429980235,0.175527978,1.151351541,0.7758842157
0.9632107023,0.7415898273,0.9400162365,0.7707368472,1.536296916
0.9672240803,0.05319792453,-0.4286042227,0.2145952203,0.1283769068
0.9712374582,-0.6743564294,-0.3687874772,-0.5246690485,0.1738071463
0.9752508361,-1.309426453,-2.350919291,-1.422003625,-1.673220245
0.979264214,-1.77606125,-2.274663324,-1.954274521,-1.810488616
0.983277592,-2.019867057,-2.398732164,-2.186760053,-1.947745158
0.9872909699,-2.014361621,-2.944850811,-2.116815292,-2.51900358
0.9913043478,-1.763760318,-1.693398694,-1.413515661,-1.255614371
0.9953177258,-1.302106375,-0.441944509,-0.6025906994,0.007776948702
0.9993311037,-0.6510544507,-0.7155518937,-0.05650042594,-0.2839830439
1.003344482,-2.110220817e-06,0.3936956525,0.7361818982,0.8328383355
1.00735786,0.6787327866,1.657142881,1.528861282,2.090841717
1.011371237,1.265138874,1.69141036,1.819363061,2.103982729
1.015384615,1.689209332,1.557443275,1.683476203,1.954939649
1.019397993,1.901616247,0.7881743956,1.637302576,1.16082942
1.023411371,1.879553308,2.280372109,1.917660145,2.666281224
1.027424749,1.629071416,1.61304126,1.827432742,1.96743047
1.031438127,1.183884834,1.106727948,1.513878575,1.434361213
1.035451505,0.5685821529,1.345241948,1.200322984,1.64217855
1.039464883,-0.04672055732,0.6334369361,0.4467768041,0.8830156806
1.043478261,-0.6794649203,-1.349343181,-0.4840431707,-1.166148673
1.047491639,-1.220490549,-0.6684906241,-0.8666056248,-0.512361094
1.051505017,-1.605233039,-1.395763834,-1.001401331,-1.299195915
1.055518395,-1.789109752,-0.7648622613,-0.9582179676,-0.7162492649
1.059531773,-1.752617061,-1.238861263,-0.9150320347,-1.282638198
1.063545151,-1.503339163,-0.3025770144,-0.770947735,-0.4107418215
1.067558528,-1.074657234,-0.8752335575,-0.6268617918,-1.056668249
1.071571906,-0.493550327,-0.1116038908,-0.267444306,-0.3512109717
1.075585284,0.08755663554,0.4266657365,0.349807803,0.1225048997
1.079598662,0.6770704646,1.272804906,0.9670605591,0.9026611642
1.08361204,1.175758833,1.73271407,1.618915193,1.301916781
1.087625418,1.5242169,3.03758467,2.022046867,2.55455263
1.091638796,1.682200165,1.782526787,1.871186676,1.204830666
1.095652174,1.633186351,2.442314673,1.585243604,1.807516378
1.099665552,1.386106421,1.378562691,1.026329988,0.6472581743
1.10367893,0.9738676239,0.7655864439,0.4674148315,-0.05013132413
1.107692308,0.4476234175,0.7537245098,-0.09150032534,-0.1305605217
1.111705686,-0.07862155184,-0.5007533447,-0.6504154822,-1.457504318
1.115719064,-0.6048665212,-0.009839410013,-1.067530982,-1.036083734
1.119732441,-1.13111149,-1.157254547,-1.600662974,-2.263507774
1.123745819,-1.44613318,-1.433125645,-1.894310979,-2.611887427
1.127759197,-1.580641511,-1.031084734,-1.744015843,-2.251410581
1.131772575,-1.520853508,-0.3538852631,-1.700651532,-1.594432011
1.135785953,-1.276817951,-1.556073429,-2.181833222,-2.870188392
1.139799331,-0.8808896503,-2.201629507,-2.39179099,-3.566641452
1.143812709,-0.3889692583,-0.7913966152,-1.787817266,-2.181590092
1.147826087,0.1029513042,-0.1165845486,-0.9361726608,-1.540860274
1.151839465,0.5948718667,1.055086377,-0.3474116453,-0.4094367264
1.155852843,1.086792429,0.6569314911,-0.2979034093,-0.9023636021
1.159866221,1.371001779,0.2587851234,-0.2483935295,-1.310177251
1.163879599,1.484290269,1.490068114,0.1155620819,-0.1123899492
1.167892977,1.415301381,1.491911581,0.09045254666,-0.1796795133
1.171906355,1.175068861,0.3901452531,-0.4273980027,-1.366836693
1.175919732,0.7952488115,0.3154272323,-0.8383788463,-1.515164335
1.17993311,0.3357073636,-0.136966932,-1.006541887,-2.023179638
1.183946488,-0.1238340843,0.8241204437,-1.353468068,-1.095752727
1.187959866,-0.5833755322,-1.729918095,-2.371654677,-3.744495051
1.191973244,-1.04291698,-2.00249155,-3.09575048,-4.057304933
1.195986622,-1.29878244,-2.048799903,-3.092193209,-4.16424698
1.2,-1.392909956,-1.607181631,-2.11775166,-3.773824114
